Workbook

Sheet Students
A1: CSC- 2nd Year
A3: ROLL_NO | B3: STUDENT_NAME | C3: SECTION | D3: TOTAL_CLASSES | E3: ATTENDED _CLASSES | F3: NOT_ATTENDED_CLASSES | G3: ATTENDENCE_PER | H3: SEM _1 % | I3: SEM-2 % | J3: SEM-3 % | K3: AVERAGE % | L3: PERFORMANCE | M3: RISK_PREDICTION | N3: TOTAL_FEES | O3: PAID | P3: DUE | Q3: DASHBOARD_LINK | R3: EMAIL | S3: whatappno
A4: 2401 | B4: Aadhya | C4: CSC-(A) | D4: 100 | E4: 84 | F4: =(D4-E4) -> 16 | G4: =E4/D4 -> 0.84 | H4: 0.954 | I4: 0.961 | J4: 0.948 | K4: =(H4+I4+J4)/3 -> 0.95433333 | L4: =IF(K4>=90%,"Excellent",IF(K4>=80%,"Very Good",IF(K4>=70%,"Good",IF(K4>=60%,"Average","Poor")))) -> Excellent | M4: =IF(OR(K4<55%,G4<75%), "⚠ RISK", "✅ NO RISK") -> ✅ NO RISK | N4: 75000 | O4: 75000 | P4: =(N4-O4) -> 0 | Q4: https://1drv.ms/f/c/2427657a050bdca2/IgBLPgDflObYTbUSVLce_DB3ATxdBcJYOpECBubr2h0hP8E | R4: studygram771@gmail.com | S4: 91 8328548601
A5: 2402 | B5: Aadvik | C5: CSC-(B) | D5: 100 | E5: 72 | F5: =(D5-E5) -> 28 | G5: =E5/D5 -> 0.72 | H5: 0.886 | I5: 0.894 | J5: 0.881 | K5: =(H5+I5+J5)/3 -> 0.887 | L5: =IF(K5>=90%,"Excellent",IF(K5>=80%,"Very Good",IF(K5>=70%,"Good",IF(K5>=60%,"Average","Poor")))) -> Very Good | M5: =IF(OR(K5<55%,G5<75%), "⚠ RISK", "✅ NO RISK") -> ⚠ RISK | N5: 75000 | O5: 60000 | P5: =(N5-O5) -> 15000 | Q5: https://1drv.ms/f/c/2427657a050bdca2/IgAYZZYYIa4zRLnQ4KyR5Q_1AeyfgvLUAwgG4QuciGPZl-I | R5: aadhya.csc2401@gmail.com | S5: 91 9441030170
A6: 2403 | B6: Abhinav | C6: CSC-(B) | D6: 100 | E6: 95 | F6: =(D6-E6) -> 5 | G6: =E6/D6 -> 0.95 | H6: 0.823 | I6: 0.837 | J6: 0.826 | K6: =(H6+I6+J6)/3 -> 0.82866667 | L6: =IF(K6>=90%,"Excellent",IF(K6>=80%,"Very Good",IF(K6>=70%,"Good",IF(K6>=60%,"Average","Poor")))) -> Very Good | M6: =IF(OR(K6<55%,G6<75%), "⚠ RISK", "✅ NO RISK") -> ✅ NO RISK | N6: 75000 | O6: 75000 | P6: =(N6-O6) -> 0 | Q6: https://1drv.ms/f/c/2427657a050bdca2/IgDfyeiYspqSTqz_dy37cizhAVsNceRCik15BMp8cY4cN80 | R6: aadvik.csc2402@gmail.com | S6: 91 8886372907
A7: 2404 | B7: Aditi | C7: CSC-(A) | D7: 100 | E7: 68 | F7: =(D7-E7) -> 32 | G7: =E7/D7 -> 0.68 | H7: 0.917 | I7: 0.923 | J7: 0.912 | K7: =(H7+I7+J7)/3 -> 0.91733333 | L7: =IF(K7>=90%,"Excellent",IF(K7>=80%,"Very Good",IF(K7>=70%,"Good",IF(K7>=60%,"Average","Poor")))) -> Excellent | M7: =IF(OR(K7<55%,G7<75%), "⚠ RISK", "✅ NO RISK") -> ⚠ RISK | N7: 75000 | O7: 50000 | P7: =(N7-O7) -> 25000 | Q7: https://1drv.ms/f/c/2427657a050bdca2/IgD35RD8XL-sSKF-vxcQLGfvAbHGHvjhORVY29MxkXykxqw | R7: abhinav.csc2403@gmail.com | S7: 91 9090462205
A8: 2405 | B8: Advait | C8: CSC-(B) | D8: 100 | E8: 81 | F8: =(D8-E8) -> 19 | G8: =E8/D8 -> 0.81 | H8: 0.765 | I8: 0.778 | J8: 0.769 | K8: =(H8+I8+J8)/3 -> 0.77066667 | L8: =IF(K8>=90%,"Excellent",IF(K8>=80%,"Very Good",IF(K8>=70%,"Good",IF(K8>=60%,"Average","Poor")))) -> Good | M8: =IF(OR(K8<55%,G8<75%), "⚠ RISK", "✅ NO RISK") -> ✅ NO RISK | N8: 75000 | O8: 75000 | P8: =(N8-O8) -> 0 | Q8: https://1drv.ms/f/c/2427657a050bdca2/IgCFlaV6iZj_SJlEjP2Po6hTAZ1OlpbeeEHK-W2zcJbew9c | R8: aditi.csc2404@gmail.com | S8: 91 9177499951
A9: 2406 | B9: Akshara | C9: CSC-(B) | D9: 100 | E9: 92 | F9: =(D9-E9) -> 8 | G9: =E9/D9 -> 0.92 | H9: 0.698 | I9: 0.705 | J9: 0.693 | K9: =(H9+I9+J9)/3 -> 0.69866667 | L9: =IF(K9>=90%,"Excellent",IF(K9>=80%,"Very Good",IF(K9>=70%,"Good",IF(K9>=60%,"Average","Poor")))) -> Average | M9: =IF(OR(K9<55%,G9<75%), "⚠ RISK", "✅ NO RISK") -> ✅ NO RISK | N9: 75000 | O9: 45000 | P9: =(N9-O9) -> 30000 | Q9: https://1drv.ms/f/c/2427657a050bdca2/IgDRYNFbxXZrS5eG6LohSch1AfnhC1EYNWx0juG64vALWSA | R9: advait.csc2405@gmail.com | S9: 91 8019777273
A10: 2407 | B10: Amara | C10: CSC-(A) | D10: 100 | E10: 77 | F10: =(D10-E10) -> 23 | G10: =E10/D10 -> 0.77 | H10: 0.841 | I10: 0.859 | J10: 0.847 | K10: =(H10+I10+J10)/3 -> 0.849 | L10: =IF(K10>=90%,"Excellent",IF(K10>=80%,"Very Good",IF(K10>=70%,"Good",IF(K10>=60%,"Average","Poor")))) -> Very Good | M10: =IF(OR(K10<55%,G10<75%), "⚠ RISK", "✅ NO RISK") -> ✅ NO RISK | N10: 75000 | O10: 75000 | P10: =(N10-O10) -> 0 | Q10: https://1drv.ms/f/c/2427657a050bdca2/IgCEsCBw_rR-So15ob0rqHm6AQhWixmpqV7qbN8HvySVRm0 | R10: akshara.csc2406@gmail.com | S10: 91 7799113821
A11: 2408 | B11: Ananya | C11: CSC-(A) | D11: 100 | E11: 89 | F11: =(D11-E11) -> 11 | G11: =E11/D11 -> 0.89 | H11: 0.929 | I11: 0.946 | J11: 0.935 | K11: =(H11+I11+J11)/3 -> 0.93666667 | L11: =IF(K11>=90%,"Excellent",IF(K11>=80%,"Very Good",IF(K11>=70%,"Good",IF(K11>=60%,"Average","Poor")))) -> Excellent | M11: =IF(OR(K11<55%,G11<75%), "⚠ RISK", "✅ NO RISK") -> ✅ NO RISK | N11: 75000 | O11: 75000 | P11: =(N11-O11) -> 0 | Q11: https://1drv.ms/f/c/2427657a050bdca2/IgDXqBBiJjOOS5KIl-z0blvsAZ7w7l7G_EHQKNp81Skv2Ek | R11: amara.csc2407@gmail.com | S11: 91 9281041838
A12: 2409 | B12: Anvitha | C12: CSC-(B) | D12: 100 | E12: 64 | F12: =(D12-E12) -> 36 | G12: =E12/D12 -> 0.64 | H12: 0.734 | I12: 0.742 | J12: 0.738 | K12: =(H12+I12+J12)/3 -> 0.738 | L12: =IF(K12>=90%,"Excellent",IF(K12>=80%,"Very Good",IF(K12>=70%,"Good",IF(K12>=60%,"Average","Poor")))) -> Good | M12: =IF(OR(K12<55%,G12<75%), "⚠ RISK", "✅ NO RISK") -> ⚠ RISK | N12: 75000 | O12: 40000 | P12: =(N12-O12) -> 35000 | Q12: https://1drv.ms/f/c/2427657a050bdca2/IgA3nTPw2-mqT4lz0g61G0UnAYeg3fsm7R8_XVFKZZCK9Iw | R12: ananya.csc2408@gmail.com | S12: 91 8328548601
A13: 2410 | B13: Arjun | C13: CSC-(B) | D13: 100 | E13: 98 | F13: =(D13-E13) -> 2 | G13: =E13/D13 -> 0.98 | H13: 0.652 | I13: 0.661 | J13: 0.654 | K13: =(H13+I13+J13)/3 -> 0.65566667 | L13: =IF(K13>=90%,"Excellent",IF(K13>=80%,"Very Good",IF(K13>=70%,"Good",IF(K13>=60%,"Average","Poor")))) -> Average | M13: =IF(OR(K13<55%,G13<75%), "⚠ RISK", "✅ NO RISK") -> ✅ NO RISK | N13: 75000 | O13: 55000 | P13: =(N13-O13) -> 20000 | Q13: https://1drv.ms/f/c/2427657a050bdca2/IgB9vB5TjRRMSZWcO5sct2TFAaHaVjIJJtX_noKM5bHz0-c | R13: anvitha.csc2409@gmail.com | S13: 91 9441030170
A14: 2411 | B14: Avyan | C14: CSC-(A) | D14: 100 | E14: 70 | F14: =(D14-E14) -> 30 | G14: =E14/D14 -> 0.7 | H14: 0.875 | I14: 0.887 | J14: 0.879 | K14: =(H14+I14+J14)/3 -> 0.88033333 | L14: =IF(K14>=90%,"Excellent",IF(K14>=80%,"Very Good",IF(K14>=70%,"Good",IF(K14>=60%,"Average","Poor")))) -> Very Good | M14: =IF(OR(K14<55%,G14<75%), "⚠ RISK", "✅ NO RISK") -> ⚠ RISK | N14: 75000 | O14: 75000 | P14: =(N14-O14) -> 0 | Q14: https://1drv.ms/f/c/2427657a050bdca2/IgDAoHxsIAJbQLPY_4CJyaaJAWQckPfYbEIQmBMDk3aOU_4 | R14: arjun.csc2410@gmail.com | S14: 91 8886372907
A15: 2412 | B15: Bheem | C15: CSC-(A) | D15: 100 | E15: 83 | F15: =(D15-E15) -> 17 | G15: =E15/D15 -> 0.83 | H15: 0.586 | I15: 0.594 | J15: 0.582 | K15: =(H15+I15+J15)/3 -> 0.58733333 | L15: =IF(K15>=90%,"Excellent",IF(K15>=80%,"Very Good",IF(K15>=70%,"Good",IF(K15>=60%,"Average","Poor")))) -> Poor | M15: =IF(OR(K15<55%,G15<75%), "⚠ RISK", "✅ NO RISK") -> ✅ NO RISK | N15: 75000 | O15: 30000 | P15: =(N15-O15) -> 45000 | Q15: https://1drv.ms/f/c/2427657a050bdca2/IgBQgvv0V7WcR79IC301_YAtAcq8I7gF_kOPahxgLLCwdjg | R15: avyan.csc2411@gmail.com | S15: 91 9090462205
... A30: 2427 | B30: Vihaan | C30: CSC-(A) | D30: 100 | E30: 73 | F30: =(D30-E30) -> 27 | G30: =E30/D30 -> 0.73 | H30: 0.667 | I30: 0.678 | J30: 0.665 | K30: =(H30+I30+J30)/3 -> 0.67 | L30: =IF(K30>=90%,"Excellent",IF(K30>=80%,"Very Good",IF(K30>=70%,"Good",IF(K30>=60%,"Average","Poor")))) -> Average | M30: =IF(OR(K30<55%,G30<75%), "⚠ RISK", "✅ NO RISK") -> ⚠ RISK | N30: 75000 | O30: 55000 | P30: =(N30-O30) -> 20000 | Q30: https://1drv.ms/f/c/2427657a050bdca2/IgCv1d-eJXnMSZY92xXLeuAeAaPo6Id55OVxLdpCL64fa6I | R30: vsiddu200@gmail.com | S30: 91 8328548601

Sheet Studence_performnace
B1: Student_Performance
B5: 2425 | D5: Amara | H5: risk alert
H8: =IF(OR(C38<55%,D30<75%), "⚠ RISK", "✅ NO RISK") -> ✅ NO RISK
B9: personanl_details
B12: Student_name | D12: =D5 -> Amara | H12: QUICK_STATUS
B14: stduent Id | D14: =_xlfn.XLOOKUP($D$5, Students!$B:$B, Students!$A:$A) -> 2407 | H14: Attendance: | K14: =IF(D30>=85%,"Excellent ✓", IF(D30>=70%,"Good", IF(D30>=50%,"Average", "Poor ⚠"))) -> Good
H15: Academic: | K15: =IF(D30>=85%,"Excellent", IF(D30>=70%,"Very Good", IF(D30>=50%,"Average", "Poor ⚠"))) -> Very Good
B16: class/section | D16: =_xlfn.XLOOKUP(D5,Students!B4:B30,Students!C4:C30) -> CSC-(A)
H17: Fee Status: | K17: =IF(C47=0,"Paid ✓","Due ⚠") -> Paid ✓
B21: ATTENDENCE_DETAILS
B24: Total_classes | D24: =_xlfn.XLOOKUP(D5,Students!B4:B30,Students!D4:D30) -> 100
B26: Attended | D26: =_xlfn.XLOOKUP(D5,Students!B4:B30,Students!E4:E30) -> 77
B28: Absent | D28: =_xlfn.XLOOKUP(Studence_performnace!D5,Students!B4:B30,Students!F4:F30) -> 23
B30: Percentage | D30: =_xlfn.XLOOKUP(D5,Students!B4:B30,Students!G4:G30) -> 0.77
C34: SEMESTER MARKS
B35: Semester 1 %: | C35: =_xlfn.XLOOKUP(Studence_performnace!D5,Students!B4:B30,Students!H4:H30) -> 0.841
B36: Semester 2 %: | C36: =_xlfn.XLOOKUP(Studence_performnace!D5,Students!B4:B30,Students!I4:I30) -> 0.859
B37: Semester 3 %: | C37: =_xlfn.XLOOKUP(D5,Students!B4:B30,Students!J4:J30) -> 0.847
B38: Average %: | C38: =_xlfn.XLOOKUP(D5,Students!B4:B30,Students!K4:K30) -> 0.849
B39: Performance: | C39: =_xlfn.XLOOKUP(Studence_performnace!D5,Students!B4:B30,Students!L4:L30) -> Very Good
C42: FEES DETAILS
B43: Total Fees: | C43: =_xlfn.XLOOKUP(D5,Students!B4:B30,Students!N4:N30) -> 75000
B45: Fees Paid: | C45: =_xlfn.XLOOKUP(Studence_performnace!D5,Students!B4:B30,Students!O4:O30) -> 75000
B47: Fees Due: | C47: =_xlfn.XLOOKUP(Studence_performnace!D5,Students!B4:B30,Students!P4:P30) -> 0
B49: "An investing in knowledge pays best interest"
A122: attednece | B122: =Studence_performnace!D26 -> 77
A123: absent | B123: =Studence_performnace!D28 -> 23

Sheet COllege
A1: STUDENT_PERFOMACE 360
A5: TOTAL_STUDENTS | E5: TOTAL_FEE_DUE | I5: AVG_ATTENDENCE | L5: AT_RISK_STUDENTS
A7: =COUNTA(Students!B4:B30) -> 27 | E7: =SUM(Students!P4:P30) -> 415000 | I7: =AVERAGE(Students!G4:G30) -> 0.81185185 | L7: =COUNTIF(Students!M4:M30,Students!M5) -> 10
A13: Top 5
A16: marks | J16: Attendence
J19: Name | M19: Attedence%
A20: Name | C20: Avg % | J20: Arjun | M20: 0.98
A21: Aadhya | C21: 0.9543 | J21: Saanvi | M21: 0.96
A22: Ananya | C22: 0.9367 | J22: Abhinav | M22: 0.95
A23: Narsimha | C23: 0.932 | J23: Karthik | M23: 0.93
A24: Aditi | C24: 0.9173 | J24: Akshara | M24: 0.92
A25: Chinmayi | C25: 0.91
A27: STUDENTS_PROBLEM REPORT

Sheet Sheet1
A1: PROBLEM_STATEMENT_REPORT
A4: DATE | B4: NAME | C4: Roll_NO | D4: CLASS | E4: INFRASTRUCFTURE | F4: ISSUE STATUS | G4: GMAIL | H4: PROBLEM | I4: CATRGORY | J4: URGENCY LEVEL | K4: STATUS
A5: 46067.605 | B5: Abhinav | C5: 2403 | D5: Csc- a | E5: 4 | F5: Yes | G5: vsiddu200@gmail.com | H5: Please change the faculty maths , I am not getting clear subject | I5: Faculty Related | J5: 4 | K5: SOLVED
A6: 46067.606 | B6: Aadvik | C6: 2402 | D6: CSE-A section | E6: 4 | F6: Yes | G6: gkistaiah81858@gmail.com | H6: board is broken | I6: Infratructure | J6: 5 | K6: PENDING
A7: 46067.607 | B7: Srinath | C7: 2403 | D7: Computer science | E7: 4 | F7: Yes | G7: studygram771@gmail.com | H7: Change the IT | I7: Faculty Related | J7: 3 | K7: PENDING
A8: 46067.608 | B8: Pavan | C8: 2403 | D8: Ece | E8: 4 | F8: No | G8: sg2240954@gmail.com | H8: warden mam | I8: hostel | J8: 5 | K8: SOLVED
A9: 46067.608 | B9: Vihaan | C9: 2417 | D9: Csc- b | E9: 4 | F9: Yes | G9: sidduv250@gmail.com | H9: No place in vehicle | I9: Transport | J9: 3 | K9: PESOLVED
